open,high,low,close,volume,adj_high,adj_low,adj_close,adj_open,adj_volume,split_factor,dividend,name,exchange_code,asset_type,price_currency,symbol,exchange,date
353.69,356.74,352.4,356.73,5822034.0,356.74,352.4,356.73,353.69,5822034.0,1.0,0.0,Visa Inc - Class A,NYSE,Stock,usd,V,XNYS,2025-02-18T00:00:00+0000
356.015,357.15,354.18,355.23,4152269.0,357.15,354.18,355.23,356.015,4152269.0,1.0,0.0,Visa Inc - Class A,NYSE,Stock,usd,V,XNYS,2025-02-19T00:00:00+0000
355.23,356.13,349.06,350.49,5697023.0,356.13,349.06,350.49,355.23,5697023.0,1.0,0.0,Visa Inc - Class A,NYSE,Stock,usd,V,XNYS,2025-02-20T00:00:00+0000
350.49,353.32,347.48,348.53,6924127.0,353.32,347.48,348.53,350.49,6924127.0,1.0,0.0,Visa Inc - Class A,NYSE,Stock,usd,V,XNYS,2025-02-21T00:00:00+0000
348.755,350.8,347.355,349.86,5055927.0,350.8,347.355,349.86,348.755,5055927.0,1.0,0.0,Visa Inc - Class A,NYSE,Stock,usd,V,XNYS,2025-02-24T00:00:00+0000
351.37,352.5867,346.0,352.09,6191949.0,352.5867,346.0,352.09,351.37,6191949.0,1.0,0.0,Visa Inc - Class A,NYSE,Stock,usd,V,XNYS,2025-02-25T00:00:00+0000
350.0,351.83,348.99,350.63,5960603.0,351.83,348.99,350.63,350.0,5960603.0,1.0,0.0,Visa Inc - Class A,NYSE,Stock,usd,V,XNYS,2025-02-26T00:00:00+0000
351.9,360.31,351.675,355.74,7298114.0,360.31,351.675,355.74,351.9,7298114.0,1.0,0.0,Visa Inc - Class A,NYSE,Stock,usd,V,XNYS,2025-02-27T00:00:00+0000
354.71,364.0,353.7109,362.71,15857344.0,364.0,353.7109,362.71,354.71,15857344.0,1.0,0.0,Visa Inc - Class A,NYSE,Stock,usd,V,XNYS,2025-02-28T00:00:00+0000
363.0,366.54,359.5401,361.82,9099607.0,366.54,359.5401,361.82,363.0,9099607.0,1.0,0.0,Visa Inc - Class A,NYSE,Stock,usd,V,XNYS,2025-03-03T00:00:00+0000
360.11,360.27,350.4,352.23,8955804.0,360.27,350.4,352.23,360.11,8955804.0,1.0,0.0,Visa Inc - Class A,NYSE,Stock,usd,V,XNYS,2025-03-04T00:00:00+0000
350.83,354.1065,348.935,352.68,8244242.0,354.1065,348.935,352.68,350.83,8244242.0,1.0,0.0,Visa Inc - Class A,NYSE,Stock,usd,V,XNYS,2025-03-05T00:00:00+0000
345.96,348.87,340.3878,344.16,8611119.0,348.87,340.3878,344.16,345.96,8611119.0,1.0,0.0,Visa Inc - Class A,NYSE,Stock,usd,V,XNYS,2025-03-06T00:00:00+0000
340.87,346.39,339.14,345.32,6358901.0,346.39,339.14,345.32,340.87,6358901.0,1.0,0.0,Visa Inc - Class A,NYSE,Stock,usd,V,XNYS,2025-03-07T00:00:00+0000
339.94,345.01,337.6411,341.48,8204296.0,345.01,337.64,341.48,339.94,8190091.0,1.0,0.0,Visa Inc - Class A,NYSE,Stock,usd,V,XNYS,2025-03-10T00:00:00+0000
338.41,339.61,329.575,332.14,9776072.0,339.61,329.575,332.14,338.41,9776072.0,1.0,0.0,Visa Inc - Class A,NYSE,Stock,usd,V,XNYS,2025-03-11T00:00:00+0000
335.97,336.16,329.11,332.84,6295394.0,336.16,329.11,332.84,335.97,6295394.0,1.0,0.0,Visa Inc - Class A,NYSE,Stock,usd,V,XNYS,2025-03-12T00:00:00+0000
330.99,336.2,327.7,328.55,7915323.0,336.2,327.7,328.55,330.99,7915323.0,1.0,0.0,Visa Inc - Class A,NYSE,Stock,usd,V,XNYS,2025-03-13T00:00:00+0000
327.21,332.7657,326.3808,331.8,7810970.0,332.7657,326.3808,331.8,327.21,7810970.0,1.0,0.0,Visa Inc - Class A,NYSE,Stock,usd,V,XNYS,2025-03-14T00:00:00+0000
330.03,336.11,329.76,334.55,6149652.0,336.11,329.76,334.55,330.03,6149652.0,1.0,0.0,Visa Inc - Class A,NYSE,Stock,USD,V,XNYS,2025-03-17T00:00:00+0000
335.29,335.8,332.3,334.77,7778631.0,335.8,332.3,334.77,335.29,7778631.0,1.0,0.0,Visa Inc - Class A,NYSE,Stock,USD,V,XNYS,2025-03-18T00:00:00+0000
336.8,341.0313,334.5,339.87,5615204.0,341.0313,334.5,339.87,336.8,5615204.0,1.0,0.0,Visa Inc - Class A,NYSE,Stock,USD,V,XNYS,2025-03-19T00:00:00+0000
339.0,342.24,337.66,339.5,5432675.0,342.24,337.66,339.5,339.0,5432675.0,1.0,0.0,Visa Inc - Class A,NYSE,Stock,USD,V,XNYS,2025-03-20T00:00:00+0000
337.37,339.43,335.52,335.66,17279673.0,339.43,335.52,335.66,337.37,17279673.0,1.0,0.0,Visa Inc - Class A,NYSE,Stock,USD,V,XNYS,2025-03-21T00:00:00+0000
338.65,345.22,337.6509,343.87,5675111.0,345.22,337.6509,343.87,338.65,5675111.0,1.0,0.0,Visa Inc - Class A,NYSE,Stock,USD,V,XNYS,2025-03-24T00:00:00+0000
344.56,345.53,340.67,344.62,3931161.0,345.53,340.67,344.62,344.56,3931161.0,1.0,0.0,Visa Inc - Class A,NYSE,Stock,USD,V,XNYS,2025-03-25T00:00:00+0000
345.99,347.38,343.0,344.18,6187574.0,347.38,343.0,344.18,345.99,6187574.0,1.0,0.0,Visa Inc - Class A,NYSE,Stock,USD,V,XNYS,2025-03-26T00:00:00+0000
344.0,350.84,343.32,349.86,7254807.0,350.84,343.32,349.86,344.0,7254807.0,1.0,0.0,Visa Inc - Class A,NYSE,Stock,USD,V,XNYS,2025-03-27T00:00:00+0000
349.19,351.615,341.605,342.85,5687616.0,351.615,341.605,342.85,349.19,5687616.0,1.0,0.0,Visa Inc - Class A,NYSE,Stock,USD,V,XNYS,2025-03-28T00:00:00+0000
339.35,351.86,334.49,350.46,9950762.0,351.86,334.49,350.46,339.35,9950762.0,1.0,0.0,Visa Inc - Class A,NYSE,Stock,USD,V,XNYS,2025-03-31T00:00:00+0000
350.44,350.45,342.57,346.35,7473329.0,350.45,342.57,346.35,350.44,7473329.0,1.0,0.0,Visa Inc - Class A,NYSE,Stock,USD,V,XNYS,2025-04-01T00:00:00+0000
343.44,348.2,343.05,346.33,5682521.0,348.2,343.05,346.33,343.44,5682521.0,1.0,0.0,Visa Inc - Class A,NYSE,Stock,USD,V,XNYS,2025-04-02T00:00:00+0000
333.9,344.735,331.0,339.39,8792873.0,344.735,331.0,339.39,333.9,8792873.0,1.0,0.0,Visa Inc - Class A,NYSE,Stock,USD,V,XNYS,2025-04-03T00:00:00+0000
330.0,334.65,312.12,313.13,13201735.0,334.65,312.12,313.13,330.0,13201735.0,1.0,0.0,Visa Inc - Class A,NYSE,Stock,USD,V,XNYS,2025-04-04T00:00:00+0000
302.07,322.18,299.0,312.32,12163443.0,322.18,299.0,312.32,302.07,12163443.0,1.0,0.0,Visa Inc - Class A,NYSE,Stock,USD,V,XNYS,2025-04-07T00:00:00+0000
322.24,326.28,303.93,308.27,9569298.0,326.28,303.93,308.27,322.24,9569298.0,1.0,0.0,Visa Inc - Class A,NYSE,Stock,USD,V,XNYS,2025-04-08T00:00:00+0000
305.635,334.03,305.635,332.43,11361801.0,334.03,305.635,332.43,305.635,11361801.0,1.0,0.0,Visa Inc - Class A,NYSE,Stock,USD,V,XNYS,2025-04-09T00:00:00+0000
328.02,330.16,313.27,324.61,8709762.0,330.16,313.27,324.61,328.02,8709762.0,1.0,0.0,Visa Inc - Class A,NYSE,Stock,USD,V,XNYS,2025-04-10T00:00:00+0000
324.43,336.98,322.54,333.4,6804507.0,336.98,322.54,333.4,324.43,6804507.0,1.0,0.0,Visa Inc - Class A,NYSE,Stock,USD,V,XNYS,2025-04-11T00:00:00+0000
336.41,339.6099,333.14,335.18,5011779.0,339.6099,333.14,335.18,336.41,5011779.0,1.0,0.0,Visa Inc - Class A,NYSE,Stock,USD,V,XNYS,2025-04-14T00:00:00+0000
336.72,339.39,335.0,335.81,4386214.0,339.39,335.0,335.81,336.72,4386214.0,1.0,0.0,Visa Inc - Class A,NYSE,Stock,USD,V,XNYS,2025-04-15T00:00:00+0000
335.0,337.2243,328.86,331.33,5850819.0,337.2243,328.86,331.33,335.0,5850819.0,1.0,0.0,Visa Inc - Class A,NYSE,Stock,USD,V,XNYS,2025-04-16T00:00:00+0000
331.07,334.3199,328.44,329.61,5655943.0,334.3199,328.44,329.61,331.07,5655943.0,1.0,0.0,Visa Inc - Class A,NYSE,Stock,USD,V,XNYS,2025-04-17T00:00:00+0000
329.0,329.15,316.65,320.1,6362300.0,329.15,316.6542,320.1,329.0,6362425.0,1.0,0.0,Visa Inc - Class A,NYSE,Stock,USD,V,XNYS,2025-04-21T00:00:00+0000
323.86,332.56,322.39,331.4,5428500.0,332.56,322.39,331.4,323.855,5435531.0,1.0,0.0,Visa Inc - Class A,NYSE,Stock,USD,V,XNYS,2025-04-22T00:00:00+0000
337.24,341.25,333.2,334.37,8906000.0,341.25,333.2,334.37,337.24,8906235.0,1.0,0.0,Visa Inc - Class A,NYSE,Stock,USD,V,XNYS,2025-04-23T00:00:00+0000
333.28,336.77,331.25,335.71,8049500.0,336.77,331.25,335.71,333.28,8055174.0,1.0,0.0,Visa Inc - Class A,NYSE,Stock,USD,V,XNYS,2025-04-24T00:00:00+0000
334.76,336.37,332.17,335.17,4451700.0,336.365,332.17,335.17,334.76,4452757.0,1.0,0.0,Visa Inc - Class A,NYSE,Stock,USD,V,XNYS,2025-04-25T00:00:00+0000
336.78,339.34,335.02,337.51,5416000.0,339.335,335.02,337.51,336.775,5422903.0,1.0,0.0,Visa Inc - Class A,NYSE,Stock,USD,V,XNYS,2025-04-28T00:00:00+0000
338.5,342.27,336.46,341.52,5508400.0,342.27,336.46,341.52,338.5,5519533.0,1.0,0.0,Visa Inc - Class A,NYSE,Stock,USD,V,XNYS,2025-04-29T00:00:00+0000
334.44,346.52,333.24,345.5,9520700.0,346.52,333.24,345.5,334.44,9526712.0,1.0,0.0,Visa Inc - Class A,NYSE,Stock,USD,V,XNYS,2025-04-30T00:00:00+0000
345.58,345.72,340.12,342.45,5843800.0,345.72,340.12,342.45,345.58,5849940.0,1.0,0.0,Visa Inc - Class A,NYSE,Stock,USD,V,XNYS,2025-05-01T00:00:00+0000
347.22,350.09,346.12,347.6,6112800.0,350.09,346.12,347.6,347.22,6113683.0,1.0,0.0,Visa Inc - Class A,NYSE,Stock,USD,V,XNYS,2025-05-02T00:00:00+0000
347.0,351.05,346.12,348.64,3864500.0,351.05,346.1208,348.64,347.0,3865342.0,1.0,0.0,Visa Inc - Class A,NYSE,Stock,USD,V,XNYS,2025-05-05T00:00:00+0000
346.4,349.65,345.7579,347.7,3438464.0,349.65,345.7579,347.7,346.4,3438464.0,1.0,0.0,Visa Inc - Class A,NYSE,Stock,USD,V,XNYS,2025-05-06T00:00:00+0000
348.7,351.15,347.21,349.85,5452451.0,351.15,347.21,349.85,348.7,5454135.0,1.0,0.0,Visa Inc - Class A,NYSE,Stock,USD,V,XNYS,2025-05-07T00:00:00+0000
352.0,355.29,350.945,351.27,3049683.0,355.33,350.945,351.27,352.0,4156386.0,1.0,0.0,Visa Inc - Class A,NYSE,Stock,USD,V,XNYS,2025-05-08T00:00:00+0000
351.83,353.8,350.67,352.54,3086600.0,353.8,350.67,352.54,351.83,3086734.0,1.0,0.0,Visa Inc - Class A,NYSE,Stock,USD,V,XNYS,2025-05-09T00:00:00+0000
359.14,361.89,351.13,355.85,7963659.0,361.89,351.13,355.26,359.14,7985428.0,1.0,0.0,Visa Inc - Class A,NYSE,Stock,USD,V,XNYS,2025-05-12T00:00:00+0000
355.52,358.87,354.58,356.14,5405300.0,358.87,354.58,356.14,355.52,5406243.0,1.0,0.59,Visa Inc - Class A,NYSE,Stock,USD,V,XNYS,2025-05-13T00:00:00+0000
356.67,358.41,355.21,356.46,6207600.0,358.41,355.2128,356.46,356.67,6208010.0,1.0,0.0,Visa Inc - Class A,NYSE,Stock,USD,V,XNYS,2025-05-14T00:00:00+0000
356.89,363.73,356.68,362.3,5825600.0,363.73,356.675,362.3,356.89,5826126.0,1.0,0.0,Visa Inc - Class A,NYSE,Stock,USD,V,XNYS,2025-05-15T00:00:00+0000
362.95,366.19,360.89,365.12,5836500.0,366.19,360.89,365.12,362.95,5838075.0,1.0,0.0,Visa Inc - Class A,NYSE,Stock,USD,V,XNYS,2025-05-16T00:00:00+0000
363.02,369.15,362.32,367.9,5079400.0,369.1499,362.321,367.9,363.02,5081519.0,1.0,0.0,Visa Inc - Class A,NYSE,Stock,USD,V,XNYS,2025-05-19T00:00:00+0000
367.78,368.25,364.69,366.84,5281400.0,368.25,364.69,366.84,367.78,5281778.0,1.0,0.0,Visa Inc - Class A,NYSE,Stock,USD,V,XNYS,2025-05-20T00:00:00+0000
363.72,365.99,358.08,358.3,6124000.0,365.989,358.08,358.3,363.72,6125536.0,1.0,0.0,Visa Inc - Class A,NYSE,Stock,USD,V,XNYS,2025-05-21T00:00:00+0000
357.76,360.0,356.56,357.97,4931500.0,360.0,356.56,357.97,357.755,4936568.0,1.0,0.0,Visa Inc - Class A,NYSE,Stock,USD,V,XNYS,2025-05-22T00:00:00+0000
353.745,356.0,352.22,353.54,5346050.0,356.0,352.22,353.54,353.745,5346050.0,1.0,0.0,Visa Inc - Class A,NYSE,Stock,USD,V,XNYS,2025-05-23T00:00:00+0000
355.41,360.0,354.48,359.3,6316000.0,360.0,354.48,359.3,355.41,6316301.0,1.0,0.0,Visa Inc - Class A,NYSE,Stock,USD,V,XNYS,2025-05-27T00:00:00+0000
359.34,360.91,358.04,359.73,3295100.0,360.91,358.04,359.73,359.34,3299041.0,1.0,0.0,Visa Inc - Class A,NYSE,Stock,USD,V,XNYS,2025-05-28T00:00:00+0000
360.35,363.04,358.72,362.4,4590400.0,363.04,358.72,362.4,360.35,4590972.0,1.0,0.0,Visa Inc - Class A,NYSE,Stock,USD,V,XNYS,2025-05-29T00:00:00+0000
361.35,367.04,361.35,365.19,8726000.0,367.04,361.35,365.19,361.35,8726858.0,1.0,0.0,Visa Inc - Class A,NYSE,Stock,USD,V,XNYS,2025-05-30T00:00:00+0000
362.77,365.435,359.96,365.32,3844599.0,365.46,359.96,365.32,362.77,3845997.0,1.0,0.0,Visa Inc - Class A,NYSE,Stock,USD,V,XNYS,2025-06-02T00:00:00+0000
364.58,366.88,361.5,365.86,5221189.0,366.88,361.5,365.86,364.58,5221424.0,1.0,0.0,Visa Inc - Class A,NYSE,Stock,USD,V,XNYS,2025-06-03T00:00:00+0000
366.71,369.66,366.31,368.0,4201200.0,369.66,366.31,368.0,366.71,4202306.0,1.0,0.0,Visa Inc - Class A,NYSE,Stock,USD,V,XNYS,2025-06-04T00:00:00+0000
370.0,371.0,365.93,366.77,6881900.0,371.0,365.93,366.77,370.0,6884638.0,1.0,0.0,Visa Inc - Class A,NYSE,Stock,USD,V,XNYS,2025-06-05T00:00:00+0000
369.01,371.0,367.55,370.22,5007900.0,371.0,367.55,370.22,369.01,5008493.0,1.0,0.0,Visa Inc - Class A,NYSE,Stock,USD,V,XNYS,2025-06-06T00:00:00+0000
369.79,369.79,362.05,366.66,3725627.0,369.79,362.05,366.66,369.79,5000275.0,1.0,0.0,Visa Inc - Class A,NYSE,Stock,USD,V,XNYS,2025-06-09T00:00:00+0000
367.0,371.44,366.68,370.7,4108600.0,371.44,366.68,370.7,367.0,4109266.0,1.0,0.0,Visa Inc - Class A,NYSE,Stock,USD,V,XNYS,2025-06-10T00:00:00+0000
370.0,375.51,369.38,373.31,5562700.0,375.51,369.38,373.31,370.0,5562874.0,1.0,0.0,Visa Inc - Class A,NYSE,Stock,USD,V,XNYS,2025-06-11T00:00:00+0000
372.23,374.17,369.55,371.4,4868200.0,374.17,369.545,371.4,372.23,4874007.0,1.0,0.0,Visa Inc - Class A,NYSE,Stock,USD,V,XNYS,2025-06-12T00:00:00+0000
361.51,363.01,345.0,352.85,14177500.0,363.01,345.0,352.85,361.505,14181686.0,1.0,0.0,Visa Inc - Class A,NYSE,Stock,USD,V,XNYS,2025-06-13T00:00:00+0000
356.49,360.22,354.33,355.48,6170903.0,360.22,354.33,355.48,356.49,7234665.0,1.0,0.0,Visa Inc - Class A,NYSE,Stock,USD,V,XNYS,2025-06-16T00:00:00+0000
353.49,359.6024,353.32,357.84,5499036.0,359.6024,353.32,357.84,353.49,5559643.0,1.0,0.0,Visa Inc - Class A,NYSE,Stock,USD,V,XNYS,2025-06-17T00:00:00+0000
357.85,358.48,338.04,340.38,14996800.0,358.475,338.04,340.38,357.85,15008618.0,1.0,0.0,Visa Inc - Class A,NYSE,Stock,USD,V,XNYS,2025-06-18T00:00:00+0000
338.95,340.0,334.92,338.57,19332082.0,340.0,334.92,338.57,338.95,19332082.0,1.0,0.0,Visa Inc - Class A,NYSE,Stock,USD,V,XNYS,2025-06-20T00:00:00+0000
337.5,344.3,335.63,343.75,7544400.0,344.3,335.63,343.75,337.5,7553346.0,1.0,0.0,Visa Inc - Class A,NYSE,Stock,USD,V,XNYS,2025-06-23T00:00:00+0000
351.52,354.56,347.92,351.63,10170900.0,354.56,347.92,351.63,351.52,10171951.0,1.0,0.0,Visa Inc - Class A,NYSE,Stock,USD,V,XNYS,2025-06-24T00:00:00+0000
350.45,351.29,345.26,345.26,6831900.0,351.2899,345.26,345.26,350.45,6836286.0,1.0,0.0,Visa Inc - Class A,NYSE,Stock,USD,V,XNYS,2025-06-25T00:00:00+0000
343.78,346.91,342.03,346.03,8825100.0,346.9099,342.03,346.03,343.775,8829456.0,1.0,0.0,Visa Inc - Class A,NYSE,Stock,USD,V,XNYS,2025-06-26T00:00:00+0000
346.59,352.01,345.66,348.61,6600900.0,352.01,345.66,348.61,346.59,6601921.0,1.0,0.0,Visa Inc - Class A,NYSE,Stock,USD,V,XNYS,2025-06-27T00:00:00+0000
349.35,355.6,349.06,355.05,4862304.0,355.61,349.06,355.05,349.35,7080119.0,1.0,0.0,Visa Inc - Class A,NYSE,Stock,USD,V,XNYS,2025-06-30T00:00:00+0000
353.82,357.0,351.42,355.47,6652100.0,357.0,351.42,355.47,353.82,6653409.0,1.0,0.0,Visa Inc - Class A,NYSE,Stock,USD,V,XNYS,2025-07-01T00:00:00+0000
354.6,356.36,350.0,354.22,5130900.0,356.36,350.0,354.22,354.6,5131422.0,1.0,0.0,Visa Inc - Class A,NYSE,Stock,USD,V,XNYS,2025-07-02T00:00:00+0000
354.59,359.0,353.61,358.86,3702810.0,359.0,353.61,358.86,354.59,3702810.0,1.0,0.0,Visa Inc - Class A,NYSE,Stock,USD,V,XNYS,2025-07-03T00:00:00+0000
358.92,359.66,354.49,356.64,5137500.0,359.66,354.49,356.64,358.92,5138011.0,1.0,0.0,Visa Inc - Class A,NYSE,Stock,USD,V,XNYS,2025-07-07T00:00:00+0000
356.68,358.28,353.25,354.55,6964700.0,358.275,353.25,354.55,356.68,6966793.0,1.0,0.0,Visa Inc - Class A,NYSE,Stock,USD,V,XNYS,2025-07-08T00:00:00+0000
355.07,357.76,353.75,357.76,7295900.0,357.76,353.75,357.76,355.07,7297087.0,1.0,0.0,Visa Inc - Class A,NYSE,Stock,USD,V,XNYS,2025-07-09T00:00:00+0000
356.83,357.62,353.45,355.88,6121300.0,357.62,353.45,355.88,356.83,6121637.0,1.0,0.0,Visa Inc - Class A,NYSE,Stock,USD,V,XNYS,2025-07-10T00:00:00+0000
352.51,353.81,344.39,347.93,7578800.0,353.81,344.3925,347.93,352.51,7580157.0,1.0,0.0,Visa Inc - Class A,NYSE,Stock,USD,V,XNYS,2025-07-11T00:00:00+0000
347.39,351.97,345.01,350.5,5598900.0,351.97,345.01,350.5,347.39,5599263.0,1.0,0.0,Visa Inc - Class A,NYSE,Stock,USD,V,XNYS,2025-07-14T00:00:00+0000
348.12,350.21,346.76,347.02,4888500.0,350.21,346.76,347.02,348.12,4891719.0,1.0,0.0,Visa Inc - Class A,NYSE,Stock,USD,V,XNYS,2025-07-15T00:00:00+0000
347.29,350.67,345.8,349.9,5542500.0,350.67,345.8,349.9,347.29,5544214.0,1.0,0.0,Visa Inc - Class A,NYSE,Stock,USD,V,XNYS,2025-07-16T00:00:00+0000
350.0,351.37,348.48,349.81,4747100.0,351.37,348.48,349.81,350.0,4747460.0,1.0,0.0,Visa Inc - Class A,NYSE,Stock,USD,V,XNYS,2025-07-17T00:00:00+0000
349.5,349.5,347.16,349.05,4926700.0,349.5,347.16,349.05,349.5,4927644.0,1.0,0.0,Visa Inc - Class A,NYSE,Stock,USD,V,XNYS,2025-07-18T00:00:00+0000
349.06,353.65,348.4,350.94,5215600.0,353.65,348.4,350.94,349.06,5216269.0,1.0,0.0,Visa Inc - Class A,NYSE,Stock,USD,V,XNYS,2025-07-21T00:00:00+0000
351.1,354.48,350.2,351.86,4613000.0,354.48,350.2,351.86,351.1,4614217.0,1.0,0.0,Visa Inc - Class A,NYSE,Stock,USD,V,XNYS,2025-07-22T00:00:00+0000
353.0,355.78,351.21,355.29,4384300.0,355.78,351.21,355.29,353.0,4385600.0,1.0,0.0,Visa Inc - Class A,NYSE,Stock,USD,V,XNYS,2025-07-23T00:00:00+0000
354.82,357.18,353.86,353.97,5887200.0,357.18,353.86,353.97,354.82,5887647.0,1.0,0.0,Visa Inc - Class A,NYSE,Stock,USD,V,XNYS,2025-07-24T00:00:00+0000
354.0,357.65,353.01,357.04,3915400.0,357.65,353.01,357.04,354.0,3915781.0,1.0,0.0,Visa Inc - Class A,NYSE,Stock,USD,V,XNYS,2025-07-25T00:00:00+0000
356.38,358.32,354.73,355.47,3919200.0,358.32,354.73,355.47,356.38,3920959.0,1.0,0.0,VISA INC,,,MXN,V,XNYS,2025-07-28T00:00:00+0000
356.29,358.32,350.81,351.29,7370800.0,358.32,350.8095,351.29,356.29,7402324.0,1.0,0.0,VISA INC,,,MXN,V,XNYS,2025-07-29T00:00:00+0000
351.7,356.62,347.23,350.91,12124100.0,356.62,347.23,350.91,351.7,12129680.0,1.0,0.0,VISA INC,,,MXN,V,XNYS,2025-07-30T00:00:00+0000
348.93,352.82,345.09,345.47,8634800.0,352.82,345.0901,345.47,348.93,8641733.0,1.0,0.0,VISA INC,,,MXN,V,XNYS,2025-07-31T00:00:00+0000
344.1,346.17,338.1,339.35,8655700.0,346.17,338.1,339.35,344.1,8658670.0,1.0,0.0,VISA INC,,,MXN,V,XNYS,2025-08-01T00:00:00+0000
341.7,344.38,340.0,342.15,7334700.0,344.38,340.0,342.15,341.695,7335286.0,1.0,0.0,VISA INC,,,MXN,V,XNYS,2025-08-04T00:00:00+0000
342.15,342.46,335.55,337.43,7292100.0,342.46,335.55,337.43,342.15,7295564.0,1.0,0.0,VISA INC,,,MXN,V,XNYS,2025-08-05T00:00:00+0000
338.3,341.43,335.43,339.74,5943400.0,341.4286,335.43,339.74,338.295,5944108.0,1.0,0.0,VISA INC,,,MXN,V,XNYS,2025-08-06T00:00:00+0000
341.43,342.15,328.7,332.09,8795400.0,342.15,328.7,332.09,341.43,8797064.0,1.0,0.0,VISA INC,,,MXN,V,XNYS,2025-08-07T00:00:00+0000
333.68,337.38,332.73,336.78,6071900.0,337.3774,332.73,336.78,333.68,6073868.0,1.0,0.0,VISA INC,,,MXN,V,XNYS,2025-08-08T00:00:00+0000
336.73,337.86,334.51,335.9,5714300.0,337.86,334.51,335.9,336.73,5715795.0,1.0,0.0,VISA INC,,,MXN,V,XNYS,2025-08-11T00:00:00+0000
335.2,338.65,334.81,336.74,5682800.0,338.65,334.81,336.74,335.2,5684596.0,1.0,0.59,VISA INC,,,MXN,V,XNYS,2025-08-12T00:00:00+0000
336.98,343.48,336.78,342.55,5692600.0,343.48,336.78,342.55,336.98,5693362.0,1.0,0.0,VISA INC,,,MXN,V,XNYS,2025-08-13T00:00:00+0000
342.94,346.08,341.67,345.49,6223200.0,346.08,341.67,345.49,342.94,6224008.0,1.0,0.0,Visa Inc - Class A,NYSE,Stock,USD,V,XNYS,2025-08-14T00:00:00+0000
346.25,348.36,342.86,344.47,4945900.0,348.36,342.86,344.47,346.245,4946616.0,1.0,0.0,VISA INC,,,MXN,V,XNYS,2025-08-15T00:00:00+0000
343.84,345.7275,340.95,342.74,3181663.0,345.7275,340.95,342.74,343.84,3999572.0,1.0,0.0,Visa Inc - Class A,NYSE,Stock,USD,V,XNYS,2025-08-18T00:00:00+0000
342.56,346.34,341.89,342.45,4456400.0,346.34,341.89,342.45,342.56,4457201.0,1.0,0.0,VISA INC,,,MXN,V,XNYS,2025-08-19T00:00:00+0000
343.4,347.44,342.85,343.93,5833000.0,347.44,342.8518,343.93,343.4,5834366.0,1.0,0.0,VISA INC,,,MXN,V,XNYS,2025-08-20T00:00:00+0000
342.89,344.52,339.72,343.69,6073600.0,344.52,339.72,343.69,342.89,6073857.0,1.0,0.0,VISA INC,,,MXN,V,XNYS,2025-08-21T00:00:00+0000
345.22,351.2,345.22,350.04,4972300.0,351.2,345.22,350.04,345.22,4973223.0,1.0,0.0,VISA INC,,,MXN,V,XNYS,2025-08-22T00:00:00+0000
349.61,350.72,347.5,348.82,8019800.0,350.72,347.5024,348.82,349.61,8020043.0,1.0,0.0,VISA INC,,,MXN,V,XNYS,2025-08-25T00:00:00+0000
348.69,353.4,347.45,351.18,5875600.0,353.4,347.445,351.18,348.69,5876224.0,1.0,0.0,VISA INC,,,MXN,V,XNYS,2025-08-26T00:00:00+0000
350.71,353.43,349.84,350.35,5529300.0,353.425,349.84,350.35,350.71,5531127.0,1.0,0.0,VISA INC,,,MXN,V,XNYS,2025-08-27T00:00:00+0000
350.6,351.04,348.6,349.86,4959792.0,351.04,348.6,349.86,350.6,4987541.0,1.0,0.0,Visa Inc - Class A,NYSE,Stock,USD,V,XNYS,2025-08-28T00:00:00+0000
350.46,352.63,349.0,351.78,3671901.0,352.63,349.0,351.78,350.46,3671901.0,1.0,0.0,Visa Inc - Class A,NYSE,Stock,USD,V,XNYS,2025-08-29T00:00:00+0000
349.31,350.17,346.08,350.07,4940300.0,350.1675,346.08,350.07,349.31,4940539.0,1.0,0.0,VISA INC,,,MXN,V,XNYS,2025-09-02T00:00:00+0000
349.34,350.89,347.26,350.87,4112500.0,350.89,347.26,350.87,349.34,4031894.0,1.0,0.0,VISA INC,,,MXN,V,XNYS,2025-09-03T00:00:00+0000
350.73,352.63,349.15,350.99,4322700.0,352.63,349.15,350.99,350.73,4323973.0,1.0,0.0,VISA INC,,,MXN,V,XNYS,2025-09-04T00:00:00+0000
351.38,352.62,340.2,343.22,5447400.0,352.6213,340.2,343.22,351.375,5448341.0,1.0,0.0,VISA INC,,,MXN,V,XNYS,2025-09-05T00:00:00+0000
342.34,344.38,341.0,342.3,4710500.0,344.382,341.0,342.3,342.34,4711571.0,1.0,0.0,VISA INC,,,MXN,V,XNYS,2025-09-08T00:00:00+0000
341.69,346.32,341.29,343.99,4645100.0,346.32,341.29,343.99,341.69,4646187.0,1.0,0.0,VISA INC,,,MXN,V,XNYS,2025-09-09T00:00:00+0000
342.61,342.61,336.44,338.12,6556500.0,342.61,336.44,338.12,342.61,6557868.0,1.0,0.0,VISA INC,,,MXN,V,XNYS,2025-09-10T00:00:00+0000
338.73,343.53,337.87,343.49,5156800.0,343.53,337.87,343.49,338.73,5157593.0,1.0,0.0,VISA INC,,,MXN,V,XNYS,2025-09-11T00:00:00+0000
341.22,343.19,339.17,339.43,3517500.0,343.19,339.17,339.43,341.22,3518310.0,1.0,0.0,VISA INC,,,MXN,V,XNYS,2025-09-12T00:00:00+0000
340.61,342.7,338.39,339.05,3676950.0,342.71,338.39,339.05,340.61,4367547.0,1.0,0.0,VISA INC,,,MXN,V,XNYS,2025-09-15T00:00:00+0000
336.24,340.54,333.47,340.03,4484348.0,340.54,333.47,340.03,336.24,5527730.0,1.0,0.0,VISA INC,,,MXN,V,XNYS,2025-09-16T00:00:00+0000
339.94,346.2,339.52,346.2,5761500.0,346.2,339.52,346.2,339.94,5763537.0,1.0,0.0,VISA INC,,,MXN,V,XNYS,2025-09-17T00:00:00+0000
344.73,345.27,338.18,338.18,7524500.0,345.27,338.18,338.18,344.73,7526597.0,1.0,0.0,VISA INC,,,MXN,V,XNYS,2025-09-18T00:00:00+0000
340.45,342.69,338.25,341.61,13658100.0,342.69,338.25,341.61,340.45,13674340.0,1.0,0.0,VISA INC,,,MXN,V,XNYS,2025-09-19T00:00:00+0000
339.01,344.86,338.66,344.36,5620200.0,344.86,338.66,344.36,339.01,5621798.0,1.0,0.0,VISA INC,,,MXN,V,XNYS,2025-09-22T00:00:00+0000
344.59,345.26,337.63,338.7,10142000.0,345.255,337.63,338.7,344.59,10142656.0,1.0,0.0,VISA INC,,,MXN,V,XNYS,2025-09-23T00:00:00+0000
339.13,339.9,337.92,338.68,5206300.0,339.9,337.92,338.68,339.13,5207430.0,1.0,0.0,VISA INC,,,MXN,V,XNYS,2025-09-24T00:00:00+0000
338.35,340.2,334.51,334.93,5391700.0,340.2,334.51,334.93,338.35,5398713.0,1.0,0.0,VISA INC,,,MXN,V,XNYS,2025-09-25T00:00:00+0000
337.23,339.5,336.23,337.37,9619200.0,339.5,336.23,337.37,337.23,9619547.0,1.0,0.0,VISA INC,,,MXN,V,XNYS,2025-09-26T00:00:00+0000
337.38,340.64,335.55,340.16,7217800.0,340.64,335.55,340.16,337.38,7218209.0,1.0,0.0,VISA INC,,,MXN,V,XNYS,2025-09-29T00:00:00+0000
339.82,345.61,338.51,341.38,8164400.0,345.61,338.51,341.38,339.82,8164773.0,1.0,0.0,VISA INC,,,MXN,V,XNYS,2025-09-30T00:00:00+0000
340.31,349.36,340.61,347.83,6931827.0,349.36,340.31,347.83,340.31,8380965.0,1.0,0.0,VISA INC,,,MXN,V,XNYS,2025-10-01T00:00:00+0000
346.22,347.18,343.56,345.95,5198000.0,347.18,343.5565,345.95,346.215,5198236.0,1.0,0.0,VISA INC,,,MXN,V,XNYS,2025-10-02T00:00:00+0000
346.11,353.16,346.0,349.84,5199000.0,353.1599,346.0,349.84,346.11,5199681.0,1.0,0.0,VISA INC,,,MXN,V,XNYS,2025-10-03T00:00:00+0000
350.01,351.12,344.35,349.28,4734500.0,351.12,344.35,349.28,350.01,4735635.0,1.0,0.0,VISA INC,,,MXN,V,XNYS,2025-10-06T00:00:00+0000
350.06,354.44,350.06,352.42,5043900.0,354.44,350.06,352.42,350.06,5044597.0,1.0,0.0,VISA INC,,,MXN,V,XNYS,2025-10-07T00:00:00+0000
353.78,355.0,351.1,351.36,3925000.0,355.0,351.1,351.36,353.78,3927524.0,1.0,0.0,VISA INC,,,MXN,V,XNYS,2025-10-08T00:00:00+0000
351.47,352.87,345.58,347.04,4434300.0,352.87,345.582,347.04,351.47,4434799.0,1.0,0.0,VISA INC,,,MXN,V,XNYS,2025-10-09T00:00:00+0000
347.63,350.4,343.25,343.65,6294500.0,350.4,343.25,343.65,347.63,6296169.0,1.0,0.0,VISA INC,,,MXN,V,XNYS,2025-10-10T00:00:00+0000
343.72,347.66,340.73,343.3,4030000.0,347.66,340.73,343.3,343.72,4030682.0,1.0,0.0,VISA INC,,,MXN,V,XNYS,2025-10-13T00:00:00+0000
341.0,350.01,340.22,348.38,5731000.0,350.01,340.22,348.38,341.0,5731348.0,1.0,0.0,VISA INC,,,MXN,V,XNYS,2025-10-14T00:00:00+0000
348.38,350.08,344.0,345.69,3776700.0,350.075,344.0,345.69,348.38,3778198.0,1.0,0.0,VISA INC,,,MXN,V,XNYS,2025-10-15T00:00:00+0000
345.0,345.69,334.17,335.4,6231200.0,345.69,334.17,335.4,345.0,6241506.0,1.0,0.0,VISA INC,,,MXN,V,XNYS,2025-10-16T00:00:00+0000
337.77,343.45,337.0,341.89,6261300.0,343.45,337.0,341.89,337.77,6267130.0,1.0,0.0,VISA INC,,,MXN,V,XNYS,2025-10-17T00:00:00+0000
341.9,344.96,338.94,344.41,4664500.0,344.96,338.94,344.41,341.9,4665032.0,1.0,0.0,VISA INC,,,MXN,V,XNYS,2025-10-20T00:00:00+0000
343.12,349.65,343.0,347.21,4120900.0,349.65,343.0,347.21,343.12,4121756.0,1.0,0.0,VISA INC,,,MXN,V,XNYS,2025-10-21T00:00:00+0000
347.82,348.17,344.5,345.36,5072600.0,348.17,344.5,345.36,347.82,5074406.0,1.0,0.0,VISA INC,,,MXN,V,XNYS,2025-10-22T00:00:00+0000
346.2,347.15,344.46,345.96,7216300.0,347.147,344.46,345.96,346.2,7217225.0,1.0,0.0,VISA INC,,,MXN,V,XNYS,2025-10-23T00:00:00+0000
348.2,349.08,345.32,347.38,3575200.0,349.08,345.32,347.38,348.2,3576694.0,1.0,0.0,VISA INC,,,MXN,V,XNYS,2025-10-24T00:00:00+0000
349.0,349.52,345.01,347.82,5392700.0,349.52,345.01,347.82,349.0,5400264.0,1.0,0.0,VISA INC,,,MXN,V,XNYS,2025-10-27T00:00:00+0000
348.58,349.89,346.5,346.9,7413900.0,349.89,346.5,346.9,348.58,7445361.0,1.0,0.0,VISA INC,,,MXN,V,XNYS,2025-10-28T00:00:00+0000
346.0,350.98,339.0,341.28,8360100.0,350.98,339.0,341.28,346.0,8361652.0,1.0,0.0,VISA INC,,,MXN,V,XNYS,2025-10-29T00:00:00+0000
342.22,349.72,341.79,345.03,6406800.0,349.715,341.79,345.03,342.22,6411843.0,1.0,0.0,VISA INC,,,MXN,V,XNYS,2025-10-30T00:00:00+0000
342.08,343.0,338.17,340.74,7301100.0,343.0,338.17,340.74,342.08,7301556.0,1.0,0.0,VISA INC,,,MXN,V,XNYS,2025-10-31T00:00:00+0000
341.0,341.21,334.82,336.9,3922840.0,341.21,334.82,336.9,341.0,5537953.0,1.0,0.0,VISA INC,,,MXN,V,XNYS,2025-11-03T00:00:00+0000
336.48,340.32,334.26,340.3,5861188.0,340.32,334.25,340.3,336.48,5920151.0,1.0,0.0,VISA INC,,,MXN,V,XNYS,2025-11-04T00:00:00+0000
340.13,342.11,336.36,340.04,3988630.0,342.11,336.36,340.04,340.13,4965592.0,1.0,0.0,VISA INC,,,MXN,V,XNYS,2025-11-05T00:00:00+0000
338.59,338.4475,333.71,336.96,8500189.0,338.65,333.71,336.96,338.59,8507904.0,1.0,0.0,VISA INC,,,MXN,V,XNYS,2025-11-06T00:00:00+0000
336.725,338.285,334.85,336.02,4177998.0,338.285,334.85,336.02,336.725,5318383.0,1.0,0.0,VISA INC,,,MXN,V,XNYS,2025-11-07T00:00:00+0000
336.65,338.68,334.32,334.85,4087493.0,338.68,334.32,334.85,336.65,5295841.0,1.0,0.0,VISA INC,,,MXN,V,XNYS,2025-11-10T00:00:00+0000
335.5,339.09,333.2032,338.92,4388461.0,339.09,333.2,338.92,335.5,4453262.0,1.0,0.0,VISA INC,,,MXN,V,XNYS,2025-11-11T00:00:00+0000
338.25,344.2599,337.4,338.88,6381919.0,344.2599,337.4,338.88,338.25,6389575.0,1.0,0.67,VISA INC,,,MXN,V,XNYS,2025-11-12T00:00:00+0000
339.035,341.46,335.6,336.08,4925529.0,341.46,335.6,336.08,339.035,4961710.0,1.0,0.0,VISA INC,,,MXN,V,XNYS,2025-11-13T00:00:00+0000
335.89,336.08,329.03,330.02,6420900.0,336.08,329.028,330.02,335.89,6422317.0,1.0,0.0,VISA INC,,,MXN,V,XNYS,2025-11-14T00:00:00+0000
331.16,333.35,324.95,325.75,5321538.0,333.36,324.93,325.75,331.16,6494770.0,1.0,0.0,VISA INC,,,MXN,V,XNYS,2025-11-17T00:00:00+0000
324.5,325.0,318.0,321.18,9132739.0,325.0,318.0,321.18,324.5,9170422.0,1.0,0.0,VISA INC,,,MXN,V,XNYS,2025-11-18T00:00:00+0000
321.52,324.565,319.87,324.12,7035455.0,324.565,319.87,324.12,321.52,7066730.0,1.0,0.0,VISA INC,,,MXN,V,XNYS,2025-11-19T00:00:00+0000
324.12,328.4,323.16,323.77,6200518.0,328.4,323.14,323.77,324.12,6510309.0,1.0,0.0,VISA INC,,,MXN,V,XNYS,2025-11-20T00:00:00+0000
325.38,331.0751,324.29,327.98,8832314.0,331.0751,324.29,327.98,325.38,8929964.0,1.0,0.0,VISA INC,,,MXN,V,XNYS,2025-11-21T00:00:00+0000
329.24,330.73,326.0,329.3,8896669.0,330.73,326.0,329.3,329.24,9337124.0,1.0,0.0,VISA INC,,,MXN,V,XNYS,2025-11-24T00:00:00+0000
328.9,336.06,328.9,334.53,5853400.0,336.06,328.9,334.53,328.9,5854254.0,1.0,0.0,VISA INC,,,MXN,V,XNYS,2025-11-25T00:00:00+0000
334.53,335.71,333.06,333.79,4309900.0,335.71,333.055,333.79,334.53,4309894.0,1.0,0.0,VISA INC,,,MXN,V,XNYS,2025-11-26T00:00:00+0000
333.43,335.015,332.0,334.44,4383531.0,335.015,332.0,334.44,333.43,4586242.0,1.0,0.0,VISA INC,,,MXN,V,XNYS,2025-11-28T00:00:00+0000
332.94,333.3,330.14,330.39,7081500.0,333.3,330.14,330.39,332.94,7082250.0,1.0,0.0,VISA INC,,,MXN,V,XNYS,2025-12-01T00:00:00+0000
331.45,332.8,327.21,329.62,8200800.0,332.7999,327.21,329.62,331.45,8201871.0,1.0,0.0,VISA INC,,,MXN,V,XNYS,2025-12-02T00:00:00+0000
329.61,332.35,329.35,329.61,4908305.0,332.35,329.35,329.61,329.61,6296657.0,1.0,0.0,VISA INC,,,MXN,V,XNYS,2025-12-03T00:00:00+0000
331.28,332.38,324.28,327.1,4557272.0,332.38,324.28,327.1,331.28,6277498.0,1.0,0.0,VISA INC,,,MXN,V,XNYS,2025-12-04T00:00:00+0000
326.83,334.11,326.3972,331.24,4266137.0,334.11,326.3972,331.24,326.83,5266948.0,1.0,0.0,VISA INC,,,MXN,V,XNYS,2025-12-05T00:00:00+0000
329.88,330.58,324.71,326.84,4318390.0,331.34,324.71,326.84,329.88,5998580.0,1.0,0.0,VISA INC,,,MXN,V,XNYS,2025-12-08T00:00:00+0000
326.61,328.2254,325.1,326.5,4309979.0,328.2254,325.07,326.5,326.61,4309978.0,1.0,0.0,VISA INC,,,MXN,V,XNYS,2025-12-09T00:00:00+0000
326.64,328.76,325.4,325.73,5383718.0,328.76,325.3,325.73,326.64,5467541.0,1.0,0.0,VISA INC,,,MXN,V,XNYS,2025-12-10T00:00:00+0000
332.6,347.22,330.06,345.63,10271202.0,347.32,330.06,345.63,332.6,12953584.0,1.0,0.0,VISA INC,,,MXN,V,XNYS,2025-12-11T00:00:00+0000
348.0,349.84,345.97,347.83,5924579.0,349.84,345.97,347.83,348.0,6942265.0,1.0,0.0,VISA INC,,,MXN,V,XNYS,2025-12-12T00:00:00+0000
347.83,348.45,343.83,346.89,6934291.0,348.45,343.83,346.89,347.83,7004647.0,1.0,0.0,VISA INC,,,MXN,V,XNYS,2025-12-15T00:00:00+0000
346.0,347.62,343.72,345.11,5420349.0,347.62,343.72,345.11,346.0,7269268.0,1.0,0.0,VISA INC,,,MXN,V,XNYS,2025-12-16T00:00:00+0000
345.55,347.79,343.68,344.41,7065054.0,347.79,343.68,344.41,345.55,7263538.0,1.0,0.0,VISA INC,,,MXN,V,XNYS,2025-12-17T00:00:00+0000
345.17,347.53,344.27,346.01,6708888.0,347.53,344.27,346.01,345.17,6805017.0,1.0,0.0,VISA INC,,,MXN,V,XNYS,2025-12-18T00:00:00+0000
346.05,349.82,346.15,349.25,18187822.0,349.91,346.05,349.25,346.05,18623948.0,1.0,0.0,VISA INC,,,MXN,V,XNYS,2025-12-19T00:00:00+0000
350.0,353.44,349.59,352.09,4922996.0,353.44,349.59,352.09,350.0,5043517.0,1.0,0.0,VISA INC,,,MXN,V,XNYS,2025-12-22T00:00:00+0000
352.0,356.38,352.0,353.38,3681091.0,356.38,352.0,353.38,352.0,3703221.0,1.0,0.0,VISA INC,,,MXN,V,XNYS,2025-12-23T00:00:00+0000
353.38,355.99,353.01,355.14,2023600.0,355.99,353.01,355.14,353.38,2023556.0,1.0,0.0,VISA INC,,,MXN,V,XNYS,2025-12-24T00:00:00+0000
355.1,356.725,353.71,355.0,1999948.0,356.725,353.71,355.0,355.1,2016968.0,1.0,0.0,VISA INC,,,MXN,V,XNYS,2025-12-26T00:00:00+0000
355.49,356.55,353.8,354.61,2177947.0,356.55,353.8,354.61,355.49,3989891.0,1.0,0.0,VISA INC,,,MXN,V,XNYS,2025-12-29T00:00:00+0000
354.0,354.87,352.666,353.62,2704079.0,354.87,352.66,353.62,354.0,3366487.0,1.0,0.0,VISA INC,,,MXN,V,XNYS,2025-12-30T00:00:00+0000
353.65,355.2,350.69,350.71,3503200.0,355.2,350.69,350.71,353.65,3503151.0,1.0,0.0,VISA INC,,,MXN,V,XNYS,2025-12-31T00:00:00+0000
349.87,350.0,343.48,346.48,4574563.0,350.05,343.48,346.48,349.87,5403770.0,1.0,0.0,VISA INC,,,MXN,V,XNYS,2026-01-02T00:00:00+0000
344.5,357.535,344.05,353.8,7586403.0,357.535,344.05,353.8,344.5,7592151.0,1.0,0.0,VISA INC,,,MXN,V,XNYS,2026-01-05T00:00:00+0000
353.68,358.62,352.0,357.56,6775412.0,358.62,352.0,357.56,353.68,6775412.0,1.0,0.0,Visa Inc - Class A,NYSE,Stock,USD,V,XNYS,2026-01-06T00:00:00+0000
357.15,358.28,354.51,355.88,6333300.0,358.28,354.51,355.88,357.15,6333895.0,1.0,0.0,VISA INC,,,MXN,V,XNYS,2026-01-07T00:00:00+0000
355.0,356.35,349.5,352.23,5034351.0,356.35,349.5,352.23,355.0,6357646.0,1.0,0.0,VISA INC,,,MXN,V,XNYS,2026-01-08T00:00:00+0000
352.16,354.7,349.16,349.77,4902900.0,354.6966,349.155,349.77,352.16,4903262.0,1.0,0.0,VISA INC,,,MXN,V,XNYS,2026-01-09T00:00:00+0000
342.78,346.51,337.32,343.2,13226294.0,346.51,337.32,343.2,342.78,13281280.0,1.0,0.0,VISA INC,,,MXN,V,XNYS,2026-01-12T00:00:00+0000
337.0,337.52,323.83,327.88,18540302.0,337.52,323.83,327.88,337.0,20383504.0,1.0,0.0,VISA INC,,,MXN,V,XNYS,2026-01-13T00:00:00+0000
328.66,329.81,323.94,329.17,7892739.0,329.9,323.94,329.17,328.66,9388417.0,1.0,0.0,VISA INC,,,MXN,V,XNYS,2026-01-14T00:00:00+0000
329.33,331.69,326.37,327.75,8430874.0,331.69,326.37,327.75,329.33,8587654.0,1.0,0.0,VISA INC,,,MXN,V,XNYS,2026-01-15T00:00:00+0000
326.78,329.25,325.4,328.3,8305600.0,329.25,325.4,328.3,326.78,8341619.0,1.0,0.0,VISA INC,,,MXN,V,XNYS,2026-01-16T00:00:00+0000
322.225,328.32,321.56,325.82,6947147.0,328.32,321.56,325.82,322.225,8269632.0,1.0,0.0,VISA INC,,,MXN,V,XNYS,2026-01-20T00:00:00+0000
326.43,328.67,323.0,325.28,6198909.0,328.67,323.0,325.28,326.43,8974643.0,1.0,0.0,VISA INC,,,MXN,V,XNYS,2026-01-21T00:00:00+0000
326.46,328.33,324.0,326.36,5550937.0,328.39,324.0,326.36,326.46,6938702.0,1.0,0.0,VISA INC,,,MXN,V,XNYS,2026-01-22T00:00:00+0000
325.86,327.775,324.64,326.18,5653832.0,327.8,324.62,326.18,325.86,5667908.0,1.0,0.0,VISA INC,,,MXN,V,XNYS,2026-01-23T00:00:00+0000
328.0,332.0,325.03,328.49,7500382.0,332.0,325.03,328.49,328.0,7540150.0,1.0,0.0,VISA INC,,,MXN,V,XNYS,2026-01-26T00:00:00+0000
328.475,328.93,324.91,325.26,5230374.0,328.93,324.91,325.26,328.475,6181006.0,1.0,0.0,VISA INC,,,MXN,V,XNYS,2026-01-27T00:00:00+0000
326.73,328.3612,324.88,326.98,5313283.0,328.39,324.88,326.98,326.73,8105960.0,1.0,0.0,VISA INC,,,MXN,V,XNYS,2026-01-28T00:00:00+0000
330.0,333.36,323.51,331.8,10170115.0,333.36,323.51,331.8,330.0,10214234.0,1.0,0.0,VISA INC,,,MXN,V,XNYS,2026-01-29T00:00:00+0000
332.22,333.0,321.6,321.83,11177996.0,333.0,321.6,321.83,332.22,11199090.0,1.0,0.0,VISA INC,,,MXN,V,XNYS,2026-01-30T00:00:00+0000
324.83,334.69,324.105,333.84,8330077.0,334.69,324.105,333.84,324.83,8502426.0,1.0,0.0,VISA INC,,,MXN,V,XNYS,2026-02-02T00:00:00+0000
331.65,335.79,328.87,328.93,9074864.0,335.79,328.87,328.93,331.65,9072789.0,1.0,0.0,VISA INC,,,MXN,V,XNYS,2026-02-03T00:00:00+0000
327.11,331.31,324.42,329.95,8466700.0,331.31,324.415,329.95,327.11,8472261.0,1.0,0.0,VISA INC,,,MXN,V,XNYS,2026-02-04T00:00:00+0000
333.0,337.59,328.82,329.13,8315468.0,337.59,328.82,329.13,333.0,8339033.0,1.0,0.0,VISA INC,,,MXN,V,XNYS,2026-02-05T00:00:00+0000
333.0,335.125,327.1,331.58,7444115.0,335.125,327.1,331.58,331.78,7798819.0,1.0,0.0,VISA INC,,,MXN,V,XNYS,2026-02-06T00:00:00+0000
330.76,332.82,323.62,325.58,8485873.0,332.82,323.62,325.58,330.76,8513414.0,1.0,0.0,VISA INC,,,MXN,V,XNYS,2026-02-09T00:00:00+0000
324.71,329.88,324.551,328.17,5794796.0,329.88,324.55,328.17,324.71,5801843.0,1.0,0.67,VISA INC,,,MXN,V,XNYS,2026-02-10T00:00:00+0000
326.92,331.038,326.42,329.24,8259737.0,331.038,326.42,329.24,326.92,8264294.0,1.0,0.0,VISA INC,,,MXN,V,XNYS,2026-02-11T00:00:00+0000
328.89,332.24,324.02,324.18,7810886.0,332.24,324.0,324.18,328.89,9392613.0,1.0,0.0,VISA INC,,,MXN,V,XNYS,2026-02-12T00:00:00+0000
323.83,326.48,312.82,314.08,11650500.0,326.475,312.82,314.08,323.83,11653917.0,1.0,0.0,VISA INC,,,MXN,V,XNYS,2026-02-13T00:00:00+0000
314.41,321.38,314.41,319.5,8591680.0,321.38,314.41,319.5,314.41,8591680.0,1.0,0.0,Visa Inc - Class A,NYSE,Stock,USD,V,XNYS,2026-02-17T00:00:00+0000
